"Nombre del producto en el momento de la venta","Nombre de la variante de producto en el momento de la venta","Tipo de producto en el momento de la venta","Cantidad pedida","Valor medio del pedido","Ventas brutas","Descuentos","Reversiones de ventas","Ventas netas","Ventas totales"
"Club de Vinos",,"Vino",34,1000,34000,0,0,34000,34000
"JULIETTE LICOR DE DURAZNO DE VIÑA 1 L",,"alcoholica",20,1749.575,29780,-1786.8,0,27993.2,27993.2
"Vino tinto El Torito 750ml (80% tempranillo, 20% garnacha)",,"alcoholica",94,588.736,11186,0,0,11186,11186
"VINO TINTO ANTIDOTO (RIBERA DEL DUERO) 1.5 L 2023",,"alcoholica",10,2710.333,9400,-1269,0,8131,8131
"VINO BLANCO ROBERTSON CHENNIN BLANC 750 ML",,"alcoholica",62,3564,8370,-1242,0,7128,7128
"VINO TINTO BREGA JORGE ORDOÑEZ 2020",,"alcoholica",9,2231.25,6693.75,0,0,6693.75,6693.75
"vino tinto viñedo saturno 2021 750ml",,"alcoholica",7,2603.125,6125,-918.75,0,5206.25,5206.25
"VINO BLANCO MULLER-CATOIR SCHEUREBE 750 ML",,"alcoholica",10,2002.5,4450,-445,0,4005,4005
"JEREZ BLANCO FINO DEL NORTE DOMINGO FLOREZ (DE LOS ABUELOS) 2021 500 ML",,"alcoholica",3,1147.5,3825,-382.5,0,3442.5,3442.5
"vino tinto la hormiga ribera del duero 2021",,"alcoholica",3,1664.55,3699,-369.9,0,3329.1,3329.1
"VINO TINTO TESALIA (ARCOS DE LA FRONTERA 2020) 750ML",,"alcoholica",3,3205.35,3771,-565.65,0,3205.35,3205.35
"VINO TINTO VATAN 
TINTA DE TORO JORGE ORDOÑEZ 2021",,"alcoholica",2,2780,2780,0,0,2780,2780
"Vino Tinto Berceo Reserva",,"alcoholica",7,665.162,2933,-272.35,0,2660.65,2660.65
"vino tinto unanimous 750 ml 2021",,"alcoholica",2,2475.2,2912,-436.8,0,2475.2,2475.2
"JEREZ BLANCO FINO DEL SUR DOMINGO FLOREZ (DE LOS ABUELOS) 2022 500 ML",,"alcoholica",2,1179.375,2550,-191.25,0,2358.75,2358.75
"Vino tinto ARX TESALIA Arcos de la Frontera 2022",,"alcoholica",3,2029.8,2388,-358.2,0,2029.8,2029.8
"CERVEZA EXTRA DOBLE MALTA LA SAGRA 330 ML",,"alcoholica",30,975,1950,0,0,1950,1950
"vino blanco ameztoi txakoli 750 ml",,"alcoholica",6,966.15,2034,-101.7,0,1932.3,1932.3
"CERVEZA TOSTADA 0.0% ALCOHOL LA SAGRA 330 ML",,"sin alcohol",36,1866.6,2196,-329.4,0,1866.6,1866.6
"VINO TINTO DE LOS ABUELOS PALUEZAS MENCIA 2023 750 ML",,"alcoholica",10,1674,1860,-186,0,1674,1674
"VINO TINTO MULLER-CAITOR BOGELSANG GG 750 ML",,"alcoholica",1,1495.15,1759,-263.85,0,1495.15,1495.15
"vinho verde blanco albarinho vale dos santos 750 ml alvarinho",,"alcoholica",4,712.48,1424.96,0,0,1424.96,1424.96
"VINO BLANCO MULLER-CATOIR BURGERGARTEN ¨IM BREUMEL¨ RIESLING GG 750 ML",,"alcoholica",1,1415.25,1665,-249.75,0,1415.25,1415.25
"cerveza 1906 330ml",,"alcoholica",24,1272,1272,0,0,1272,1272
"VINO TINTO LE PRESSOIR CHINON 750 ML 2023 (DOMAINE GROSBOIS)",,"alcoholica",2,1254.6,1476,-221.4,0,1254.6,1254.6
"LICOR APERITIVO (FACCIA BRUTTO) 750 ML",,"alcoholica",1,1133,1133,0,0,1133,1133
"VINO BLANCO BOTANI MOSCATEL 2023",,"alcoholica",3,1113.75,1237.5,-123.75,0,1113.75,1113.75
"vino tinto iceni tesalia arcos de la frontera 750ml",,"alcoholica",3,1065.9,1254,-188.1,0,1065.9,1065.9
"VINO TINTO CORAMBRES LUCENDO (TEMPRANILLO) 750 ML 2023",,"alcoholica",3,294.666,1020,-136,0,884,884
"VINO BLANCO MULLER-CATOIR HERRENLETTEN RIESLING 750 ML",,"alcoholica",1,816,960,-144,0,816,816
"VINO TINTO EPISTEM MONASTRELL ATLAN 750 ML 2021",,"alcoholica",2,801,890,-89,0,801,801
"VINO BLANCO PAZO AS BARREIRAS ALBARIÑO 750 ML",,"alcoholica",2,772.2,858,-85.8,0,772.2,772.2
"VINO TINTO CHOCOLATE BLOCK 750 ML",,"alcoholica",1,756,840,-84,0,756,756
"vinho verde blanco escolha vale dos santos",,"alcoholica",3,377.4,754.8,0,0,754.8,754.8
"vino tinto antidoto ribera del duero",,"alcoholica",1,716,716,0,0,716,716
"VINO ROSADO GARNATXA AGUSTI TORELLO 750 ML 2021",,"alcoholica",2,697,820,-123,0,697,697
"Kit cerveza",,"alcoholica",1,685,685,0,0,685,685
"VINO TINTO YOLI BY KALÓS ASSEMBLAGE VINTAGE",,"alcoholica",2,328.125,750,-93.75,0,656.25,656.25
"VINO TINTO DAMILANO ZERO SETTE BARBERA D´ASTI 750 ML 2023",,"alcoholica",4,2380,2800,-420,-1785,595,595
"VINO BLANCO RIESLING GRAVA WINES 2023 750 ML",,"alcoholica",1,595,595,0,0,595,595
"Vino rosado Jan Rose 750ml (Garnacha negra y syrah)",,"alcoholica",2,594,660,-66,0,594,594
"VINO BLANCO DAMILANO MOSCATO D´ASTI 750 ML 2024",,"alcoholica",1,581,581,0,0,581,581
"VINO TINTO ANAIA MALBEC 
2022",,"alcoholica",1,553,553,0,0,553,553
"vino rosado roselito ribera del duero 2022",,"alcoholica",1,517,517,0,0,517,517
"VINO TINTO FERRATUS SEXTO SENTIDO TEMPRANILLO 750 ML 2024",,"alcoholica",2,256.5,540,-27,0,513,513
"VINO BLANCO FERRATUS ALBILLO MAYOR 750 ML 2023",,"alcoholica",1,505,505,0,0,505,505
"THOMSON & SCOTT VINO ROSE 0% ALCOHOL 750 ML",,"sin alcohol",2,234.6,552,-82.8,0,469.2,469.2
"THOMSON & SCOTT VINO TINTO 0% ALCOHOL 750 ML",,"sin alcohol",2,469.2,552,-82.8,0,469.2,469.2
"VINO BLANCO SECO NISIA VERDEJO JORGE ORDOÑEZ 750 ML",,"alcoholica",1,455,455,0,0,455,455
"VINO BLANCO XIC XAREL-LO PENEDES AGUSTI TORELLO 750 ML 2021",,"alcoholica",2,450,500,-50,0,450,450
"vino tinto les pensees de pallus chinon",,"alcoholica",1,450,500,-50,0,450,450
"APERITIVO OSCO LE ROUGE ARDEN BIO 0% ALCOHOL 250 ML",,"sin alcohol",1,414,414,0,0,414,414
"VINO TINTO EN VACANCES GAILLAC 750 ML",,"alcoholica",1,399.6,444,-44.4,0,399.6,399.6
"vino tinto ferratus a0 100 tempranillo 750 ml",,"alcoholica",1,375.7,442,-66.3,0,375.7,375.7
"VINO TINTO SAUMUR CHAMPIGNY GROSBOIS 2024 750 ML",,"alcoholica",1,338.3,398,-59.7,0,338.3,338.3
"vinho verde blanco avesso vale dos santos 750 ml avesso",,"alcoholica",1,279.65,279.65,0,0,279.65,279.65
"VINO TINTO LETICIA CABERNET SAUVIGNON BY LAS ESTELAS",,"alcoholica",1,266.9,314,-47.1,0,266.9,266.9
"Vino rosado espumoso en lata Bubbles Rosé 250ml",,"alcoholica",2,162.4,162.4,0,0,162.4,162.4
"VINO ROSADO RUBENTIS AMEZTOI 750 ML 2024",,"alcoholica",3,525,1050,0,-1050,0,0
